province,city_muni,population,land_area
Abra,Boliney,3573,182.6286001745079
Abra,Bucay,17115,104.37939170186785
Abra,Bucloc,2501,51.26730786579586
Abra,Daguioman,2088,97.26907292501691
Abra,Danglas,4192,175.5603049169022
Abra,Dolores,11315,44.86204880394529
Abra,Lacub,3403,258.9457371670941
Abra,Lagangilang,14255,91.47800815323939
Abra,Lagayan,4499,144.0907614910901
Abra,Langiden,3198,98.61333968961213
Abra,La Paz,15437,55.14528239013034
Abra,Licuan-Baay,4689,305.5136687518032
Abra,Luba,6339,126.47937641952521
Abra,Malibcong,3428,241.79303993740677
Abra,Manabo,10761,83.28425094115514
Abra,Peñarrubia,6640,36.813505150161326
Abra,Pidigan,12185,58.0786483630545
Abra,Pilar,10223,92.1162590251476
Abra,Sallapadan,6622,111.15929458939912
Abra,San Isidro,4574,41.65448607694747
Abra,San Juan,9867,64.59608386544366
Abra,San Quintin,5438,62.229112689393205
Abra,Tayum,14467,46.08775618993267
Abra,Tineg,5097,753.9922937452493
Abra,Tubo,5699,438.1324807391777
Abra,Villaviciosa,5392,81.39691634871227
Agusan del Norte,Buenavista,61614,370.07979820905587
Agusan del Norte,Butuan City,337063,674.1587362551924
Agusan del Norte,Cabadbaran City,73639,345.6691594841673
Agusan del Norte,Carmen,20839,123.20666918867268
Agusan del Norte,Jabonga,23184,271.2545788484716
Agusan del Norte,Kitcharao,18659,123.03006004112521
Agusan del Norte,Las Nieves,28414,471.5690746121199
Agusan del Norte,Magallanes,21007,29.15470695916309
Agusan del Norte,Nasipit,41957,148.15142001062418
Agusan del Norte,Remedios T. Romualdez,16058,57.21279417114895
Agusan del Norte,Santiago,24200,219.39143029369532
Agusan del Norte,Tubay,24932,107.6718856990724
Agusan del Sur,Bayugan City,103202,329.78090267647104
Agusan del Sur,Bunawan,45151,611.9060325494863
Agusan del Sur,Esperanza,54801,855.5159683569824
Agusan del Sur,La Paz,28217,1028.9222687343379
Agusan del Sur,Loreto,42501,1304.635381008818
Agusan del Sur,Prosperidad,82631,607.6194922776555
Agusan del Sur,Rosario,46683,455.36250709682906
Agusan del Sur,San Francisco,74542,454.1346900323955
Agusan del Sur,San Luis,32109,1106.9441164156558
Agusan del Sur,Santa Josefa,26729,141.8669558086579
Agusan del Sur,Sibagat,30442,643.6731665106204
Agusan del Sur,Talacogon,38374,123.67954734151301
Agusan del Sur,Trento,51565,518.149995793537
Agusan del Sur,Veruela,43706,460.4148599577721
Aklan,Altavas,24619,105.42971267924136
Aklan,Balete,28920,108.52242386184192
Aklan,Banga,39505,66.16864886419613
Aklan,Batan,32032,80.65827339337437
Aklan,Buruanga,19003,74.03549303668444
Aklan,Ibajay,49564,132.47557459393775
Aklan,Kalibo,80605,34.13223387176611
Aklan,Lezo,15224,20.26100855373784
Aklan,Libacao,28241,173.33594684689155
Aklan,Madalag,18389,291.5717273906863
Aklan,Makato,27262,63.74825094177477
Aklan,Malay,52973,75.18119284388946
Aklan,Malinao,23194,220.68057791249646
Aklan,Nabas,36435,83.44089740305273
Aklan,New Washington,45007,48.14256139993974
Aklan,Numancia,31934,23.66466933134372
Aklan,Tangalan,21916,63.492739217738404
Albay,Bacacay,68906,115.53016526990552
Albay,Camalig,66904,136.89873921534902
Albay,Daraga,126595,136.02954259456263
Albay,Guinobatan,82361,174.51867463968915
Albay,Jovellar,17308,82.56305546312555
Albay,Legazpi City,196639,153.6050153738415
Albay,Libon,75172,223.33289164644052
Albay,Ligao City,111399,259.14386668282737
Albay,Malilipot,37785,45.54712795752576
Albay,Malinao,45301,107.06387824582679
Albay,Manito,24707,95.62691100278509
Albay,Oas,67960,240.14464575937083
Albay,Pio Duran,46693,133.56041256330485
Albay,Polangui,88221,149.26106202041495
Albay,Rapu-Rapu,36920,159.4053462937313
Albay,Santo Domingo,34967,60.993162507563184
Albay,Tabaco City,133868,112.54290426141225
Albay,Tiwi,53120,124.72190816586767
Antique,Anini-Y,21201,55.18510135698724
Antique,Barbaza,22704,171.3824753552466
Antique,Belison,13539,36.829957276971214
Antique,Bugasong,33642,178.95791248077236
Antique,Caluya,35496,133.4037567272649
Antique,Culasi,41228,202.00966300178516
Antique,Hamtic,48592,139.95440878672198
Antique,Laua-An,26072,165.79377227674627
Antique,Libertad,16429,92.42256213132119
Antique,Pandan,34333,153.45150624057615
Antique,Patnongon,37176,135.791559223623
Antique,San Jose,62534,44.28724052558654
Antique,San Remigio,31935,371.24377414957974
Antique,Sebaste,17907,106.8747392007665
Antique,Sibalom,60306,240.74612361755104
Antique,Tibiao,26748,96.03245274849883
Antique,Tobias Fornier,33046,102.25523751503944
Antique,Valderrama,19124,309.9658869214945
Apayao,Calanasan,12604,947.8103649067665
Apayao,Conner,26051,775.0446998596146
Apayao,Flora,17391,321.69112832916977
Apayao,Kabugao,15537,935.0366534584589
Apayao,Luna,19063,602.9307657698143
Apayao,Pudtol,14925,283.6445614055475
Apayao,Santa Marcela,13613,47.230970736795804
Aurora,Baler,39562,110.42610914796602
Aurora,Casiguran,24313,622.2106148425696
Aurora,Dilasag,15835,398.5727080752953
Aurora,Dinalungan,11322,237.62012965407268
Aurora,Dingalan,25482,373.1125670508258
Aurora,Dipaculao,29736,385.7949767268888
Aurora,Maria Aurora,40734,357.8375250391684
Aurora,San Luis,27352,555.8149351812033
Basilan,Akbar,17531,32.09893156975842
Basilan,Al-Barka,20905,77.96522701915399
Basilan,Hadji Mohammad Ajul,19307,54.78405914818937
Basilan,Isabela City,112788,221.87416480391974
Basilan,Lamitan City,74782,235.65711438077665
Basilan,Lantawan,24594,189.31687301509027
Basilan,Maluso,40646,62.54724441488969
Basilan,Sumisip,41730,352.5001806415073
Basilan,Tipo-Tipo,19163,40.21416883270801
Basilan,Tuburan,20207,44.98124014080396
Basilan,Ungkaya Pukan,18441,57.270018188534515
Bataan,Abucay,39880,77.73477490864846
Bataan,Bagac,26936,227.40783950506759
Bataan,Balanga City,96061,80.695912305212
Bataan,Dinalupihan,106371,95.12221134582511
Bataan,Hermosa,65862,135.12262776166082
Bataan,Limay,68071,74.22279525517213
Bataan,Mariveles,127536,185.5351971609176
Bataan,Morong,29901,240.2808487138375
Bataan,Orani,66909,53.195103611010516
Bataan,Orion,56002,59.70893809239476
Bataan,Pilar,41823,41.12062001454739
Bataan,Samal,35298,46.75745892110624
Batanes,Basco,8579,34.58386242199037
Batanes,Itbayat,2867,91.63731130815583
Batanes,Ivana,1327,11.536455051750538
Batanes,Mahatao,1555,9.783075648334242
Batanes,Sabtang,1621,42.420224702011055
Batanes,Uyugan,1297,17.67176822962962
Batangas,Agoncillo,38059,39.52026094501386
Batangas,Alitagtag,25300,27.017252445896354
Batangas,Balayan,90699,94.37694868633506
Batangas,Balete,22661,22.01602926991452
Batangas,Batangas City,329874,274.39068606689773
Batangas,Bauan,91297,51.28124960902922
Batangas,Calaca,81859,117.77693610861756
Batangas,Calatagan,56449,106.24385657400077
Batangas,Cuenca,32783,27.895909351584685
Batangas,Ibaan,52970,69.09247122600314
Batangas,Laurel,39444,69.4914412828644
Batangas,Lemery,93157,82.27098958385206
Batangas,Lian,52660,91.19641069132886
Batangas,Lipa City,332386,202.73912696389044
Batangas,Lobo,41504,199.84462835849573
Batangas,Mabini,46211,40.00935679028287
Batangas,Malvar,56270,35.922080375224766
Batangas,Mataas Na Kahoy,29187,17.588481444239296
Batangas,Nasugbu,134113,266.6202014535701
Batangas,Padre Garcia,48302,40.69695306767841
Batangas,Rosario,116764,197.00929148344338
Batangas,San Jose,76971,60.68259877362628
Batangas,San Juan,108585,236.84446630104338
Batangas,San Luis,33149,42.018318154497585
Batangas,San Nicolas,22623,18.14612255691471
Batangas,San Pascual,65424,35.79640791913209
Batangas,Santa Teresita,21127,12.665566005711561
Batangas,Santo Tomas,179844,92.0634469228431
Batangas,Taal,56327,29.35929548180664
Batangas,Talisay,45301,49.754171123718976
Batangas,Tanauan City,173366,111.72987655823246
Batangas,Taysan,38007,91.01308354495129
Batangas,Tingloy,17919,33.591450768369086
Batangas,Tuy,43743,92.48086421119784
Benguet,Atok,19668,143.44139283520727
Benguet,Baguio City,345366,60.84480800894788
Benguet,Bakun,15357,261.422367394051
Benguet,Bokod,13756,410.8400437177847
Benguet,Buguias,43627,174.06624601949764
Benguet,Itogon,59820,417.665819221987
Benguet,Kabayan,15260,170.01375148025713
Benguet,Kapangan,19361,133.78462152592462
Benguet,Kibungan,17292,177.53301696722696
Benguet,La Trinidad,129133,74.84288244962002
Benguet,Mankayan,35953,139.67000301976628
Benguet,Sablan,11457,90.13045882382103
Benguet,Tuba,47648,321.72784216335594
Benguet,Tublay,17892,63.156823991678564
Biliran,Almeria,16951,62.367032728327096
Biliran,Biliran,16882,74.96981394339352
Biliran,Biliran,171612,74.96981394339352
Biliran,Cabucgayan,20788,54.43864679813404
Biliran,Caibiran,22524,77.91739225968203
Biliran,Culaba,12325,91.49482197313996
Biliran,Kawayan,20291,45.76242341736765
Biliran,Maripipi,7159,29.647576086394515
Biliran,Naval,54692,99.67447608581122
Bohol,Albuquerque,10540,26.924808925625076
Bohol,Alicia,23517,118.77392637284723
Bohol,Anda,16462,51.59473194134969
Bohol,Antequera,14425,54.69483603087784
Bohol,Baclayon,20591,31.313897123075375
Bohol,Balilihan,17903,123.84047187631235
Bohol,Batuan,12767,90.56374583458773
Bohol,Bien Unido,27115,28.925786278173284
Bohol,Bilar,17590,138.37463650114387
Bohol,Buenavista,27261,108.30821508748984
Bohol,Calape,30863,77.42096255112916
Bohol,Candijay,29475,95.06849612273354
Bohol,Carmen,46306,222.14852530974463
Bohol,Catigbian,22675,84.64041532819628
Bohol,Clarin,20301,53.29115215384585
Bohol,Corella,8479,40.21449217970427
Bohol,Cortes,16954,30.61340671316619
Bohol,Dagohoy,19158,74.15797060189266
Bohol,Danao,17890,145.01299329770845
Bohol,Dauis,45663,43.72430644287495
Bohol,Dimiao,14364,55.83456478237542
Bohol,Duero,17876,75.01864423739956
Bohol,Garcia Hernandez,24194,100.51164888371207
Bohol,Guindulman,32408,101.21017310082502
Bohol,Inabanga,45880,103.99849468346966
Bohol,Jagna,33892,106.43039567184346
Bohol,Jetafe,30955,99.6393150098253
Bohol,Lila,12257,33.075970866143564
Bohol,Loay,16691,29.724551156579125
Bohol,Loboc,15993,57.5839810766157
Bohol,Loon,43034,101.80012690299765
Bohol,Mabini,27171,88.06841319946527
Bohol,Maribojoc,20688,53.297410430385284
Bohol,Panglao,33553,48.2228526328011
Bohol,Pilar,27256,121.84851696612846
Bohol,Pres. Carlos P. Garcia,23356,48.24385627801577
Bohol,Sagbayan,22339,94.3760004802936
Bohol,San Isidro,8744,60.11732345102908
Bohol,San Miguel,24135,114.94346661082245
Bohol,Sevilla,10661,68.58906655847522
Bohol,Sierra Bullones,24745,86.22285136688076
Bohol,Sikatuna,6726,21.947142582234097
Bohol,Tagbilaran City,105051,30.809216386007495
Bohol,Talibon,66969,140.29454096888347
Bohol,Trinidad,31956,116.7020850021957
Bohol,Tubigon,45893,62.93719990033069
Bohol,Ubay,73712,233.5142588355676
Bohol,Valencia,27126,95.5987318447692
Bukidnon,Baungon,34336,333.2053968791876
Bukidnon,Cabanglasan,33997,224.25354157275848
Bukidnon,Damulog,30302,173.6188694501887
Bukidnon,Dangcagan,23723,73.90529132595638
Bukidnon,Don Carlos,66959,204.59489894944835
Bukidnon,Impasug-Ong,47859,858.460237837808
Bukidnon,Kadingilan,33778,173.88858375287833
Bukidnon,Kalilangan,41601,269.81689520554073
Bukidnon,Kibawe,39612,258.87204959775977
Bukidnon,Kitaotao,50260,190.13878129035461
Bukidnon,Lantapan,61776,292.0794977257024
Bukidnon,Libona,43969,283.3740314856037
Bukidnon,Malaybalay City,174625,1121.063590704233
Bukidnon,Malitbog,24453,361.12389821501057
Bukidnon,Manolo Fortich,100210,351.6200272496632
Bukidnon,Maramag,102089,325.27929449771415
Bukidnon,Pangantucan,53126,434.5840405137429
Bukidnon,Quezon,104116,644.170389999606
Bukidnon,San Fernando,56138,563.1298038402666
Bukidnon,Sumilao,27660,260.36438219178956
Bukidnon,Talakag,71644,1017.25636277665
Bukidnon,Valencia City,192993,729.280530402115
Bulacan,Angat,59237,53.601573963652825
Bulacan,Balagtas,73929,19.203134282496336
Bulacan,Baliuag,149954,48.82799360320917
Bulacan,Bocaue,119675,20.80863033349561
Bulacan,Bulacan,76565,75.26940105249965
Bulacan,Bulacan,3292071,75.26940105249965
Bulacan,Bustos,67039,43.12764154519963
Bulacan,Calumpit,108757,44.47734979386622
Bulacan,Doña Remedios Trinidad,22663,871.034254838964
Bulacan,Guiguinto,99730,20.385394778624605
Bulacan,Hagonoy,129807,88.8271450897639
Bulacan,Malolos City,252074,64.51570579856038
Bulacan,Marilao,221965,31.136366382023528
Bulacan,Meycauayan City,209083,37.61399974081624
Bulacan,Norzagaray,111348,238.900171786942
Bulacan,Obando,59197,22.37493656914779
Bulacan,Pandi,89075,41.815791324621955
Bulacan,Paombong,53294,40.78289697484895
Bulacan,Plaridel,107805,39.143127089773124
Bulacan,Pulilan,97323,37.14074599596622
Bulacan,San Ildefonso,104471,130.43399148207808
Bulacan,San Jose del Monte City,574089,119.02654436891254
Bulacan,San Miguel,153882,271.9405032808467
Bulacan,San Rafael,94655,106.29799018577387
Bulacan,Santa Maria,256454,90.01450422597571
Cagayan,Abulug,32497,123.19898990210308
Cagayan,Alcala,38883,182.99269811505846
Cagayan,Allacapan,33571,252.29229584594378
Cagayan,Amulung,47860,231.25232865344674
Cagayan,Aparri,65649,254.08033871054715
Cagayan,Baggao,82782,1009.7807227173643
Cagayan,Ballesteros,34299,117.93731018076677
Cagayan,Buguey,30175,98.08867798727871
Cagayan,Calayan,16702,512.1797290153282
Cagayan,Camalaniugan,24923,80.94731562693187
Cagayan,Claveria,29921,161.20131697710605
Cagayan,Enrile,35834,161.31300966076813
Cagayan,Gattaran,56661,557.3639027294203
Cagayan,Gonzaga,38892,498.04136436158655
Cagayan,Iguig,27862,97.62961527206313
Cagayan,Lal-Lo,44506,760.8702808135525
Cagayan,Lasam,39135,215.40277836619015
Cagayan,Pamplona,23596,206.5395456213213
Cagayan,Peñablanca,48584,1213.8440694625774
Cagayan,Piat,23597,153.76932360197065
Cagayan,Rizal,17994,166.32162203427563
Cagayan,Sanchez-Mira,24541,205.27495016074928
Cagayan,Santa Ana,32906,437.55322571156745
Cagayan,Santa Praxedes,4154,86.15324850695643
Cagayan,Santa Teresita,19038,66.26567992063202
Cagayan,Santo Niño,27219,437.89057400039565
Cagayan,Solana,82502,238.55396117187252
Cagayan,Tuao,61535,161.9517333564112
Cagayan,Tuguegarao City,153502,129.67206933199475
Camarines Norte,Basud,41017,252.17546300393767
Camarines Norte,Capalonga,32215,220.34871366996276
Camarines Norte,Daet,104799,42.28009871445332
Camarines Norte,Jose Panganiban,59639,212.0221857230756
Camarines Norte,Labo,101082,623.4571638581773
Camarines Norte,Mercedes,50841,117.39970129407313
Camarines Norte,Paracale,59149,148.52202951887136
Camarines Norte,San Lorenzo Ruiz,14063,108.99478340228205
Camarines Norte,Santa Elena,40786,210.53988768816063
Camarines Norte,San Vicente,10396,47.247397022723376
Camarines Norte,Talisay,25841,37.97066270170474
Camarines Norte,Vinzons,43485,90.59455878561388
Camiguin,Catarman,16798,73.64009721305106
Camiguin,Guinsiliban,6281,32.677661045049284
Camiguin,Mahinog,14038,31.00373031237199
Camiguin,Mambajao,38735,71.92366187252985
Camiguin,Sagay,12626,35.80629676693692
Capiz,Cuartero,27408,108.3537303345603
Capiz,Dao,32496,67.86336161708236
Capiz,Dumalag,29466,97.11075375234832
Capiz,Dumarao,46157,228.81660275259617
Capiz,Ivisan,29055,53.92711426704064
Capiz,Jamindan,36677,500.76109220341755
Capiz,Ma-Ayon,38416,192.93082904167503
Capiz,Mambusao,39644,103.4013952226016
Capiz,Panay,46114,130.09347387620872
Capiz,Panitan,40289,89.09154362943963
Capiz,Pilar,45287,120.74767009903518
Capiz,Pontevedra,46428,95.44933645363776
Capiz,President Roxas,29676,76.4235710125378
Capiz,Roxas City,167003,99.80824143820251
Capiz,Sapi-An,25821,67.49266509850735
Capiz,Sigma,30134,104.04823146696799
Capiz,Tapaz,51313,516.6098489535311
Catanduanes,Bagamanoc,11551,83.12598917675687
Catanduanes,Baras,12848,75.64550877148561
Catanduanes,Bato,21279,45.98418857906205
Catanduanes,Caramoran,30056,267.66280132882457
Catanduanes,Gigmoto,8368,117.86126521819631
Catanduanes,Pandan,20516,117.76083558537623
Catanduanes,Panganiban,9287,85.87868838417162
Catanduanes,San Andres,36779,173.42465626116348
Catanduanes,San Miguel,15006,174.83656486477858
Catanduanes,Viga,21624,159.27997081850657
Catanduanes,Virac,73650,175.8702516771088
Cavite,Alfonso,51839,54.60794346886124
Cavite,Amadeo,37649,45.874561768945725
Cavite,Bacoor,600609,47.40590563747719
Cavite,Carmona,97557,22.037313415945423
Cavite,Cavite City,102806,6.620659361698154
Cavite,Dasmariñas,659019,83.97202941469924
Cavite,General Emilio Aguinaldo,22220,39.36458771709319
Cavite,General Mariano Alvarez,155143,9.396964590721963
Cavite,General Trias,314303,85.93108965052133
Cavite,Imus,403785,56.77739661900514
Cavite,Indang,65599,88.59588165994182
Cavite,Kawit,83466,9.466215818622024
Cavite,Magallanes,22727,69.02494271183343
Cavite,Maragondon,37720,147.2819463983956
Cavite,Mendez,31529,15.206872163481412
Cavite,Naic,111454,76.05484125621214
Cavite,Noveleta,45846,5.71381050311326
Cavite,Rosario,110706,4.891084576009699
Cavite,Silang,248085,153.9278959816957
Cavite,Tagaytay City,71181,61.38124911133368
Cavite,Tanza,226188,71.3665262401263
Cavite,Ternate,23157,44.48723547731061
Cavite,Trece Martires City,155713,44.328429632537926
Cebu,Alcantara,15160,31.633410754584375
Cebu,Alcoy,16979,75.34042004104921
Cebu,Alegria,23300,100.60548034864759
Cebu,Aloguinsan,32100,65.81571126514918
Cebu,Argao,72366,199.89362143953062
Cebu,Asturias,47857,253.25496387167078
Cebu,Badian,37912,105.9609238310583
Cebu,Balamban,87177,236.96295805568766
Cebu,Bantayan,79084,83.03522322447508
Cebu,Barili,73862,116.80221940651387
Cebu,Bogo City,78120,86.43568035403385
Cebu,Boljoon,16344,80.13264153867212
Cebu,Borbon,35526,91.84728807218933
Cebu,Carcar,119664,85.3080558607308
Cebu,Carmen,51325,58.62386626109814
Cebu,Catmon,30471,93.27666447661596
Cebu,Cebu City,922611,291.4418150460946
Cebu,Compostela,47898,51.70927690193617
Cebu,Consolacion,131528,33.076165666388654
Cebu,Cordoba,59712,9.857028921031944
Cebu,Daanbantayan,84430,95.2807488533253
Cebu,Dalaguete,67497,116.46207601675573
Cebu,Danao City,136471,137.54225080550486
Cebu,Dumanjug,51210,81.21034268886082
Cebu,Ginatilan,15919,57.23169587470163
Cebu,Lapu-Lapu City,408112,63.61337645743121
Cebu,Liloan,118753,55.14508645041397
Cebu,Madridejos,36429,24.392577977132305
Cebu,Malabuyoc,19373,79.37716576336955
Cebu,Mandaue City,362654,31.09456299453529
Cebu,Medellin,55332,75.93202666787802
Cebu,Minglanilla,132135,51.90924868159232
Cebu,Moalboal,31130,81.27926237722575
Cebu,Naga City,115750,99.04170520913286
Cebu,Oslob,27893,127.64275190864633
Cebu,Pilar,11308,34.87312490043419
Cebu,Pinamungahan,65955,109.2826667551944
Cebu,Poro,25212,63.07841914148891
Cebu,Ronda,20360,42.579987062915954
Cebu,Samboan,20884,58.687980576000214
Cebu,San Fernando,66280,76.664661036177
Cebu,San Francisco,55180,93.00016132004612
Cebu,San Remigio,57557,97.42662306419929
Cebu,Santa Fe,28603,32.322438305893264
Cebu,Santander,17857,32.00189313539114
Cebu,Sibonga,48186,121.23049095371634
Cebu,Sogod,35108,75.33477256079708
Cebu,Tabogon,39013,91.77709308257332
Cebu,Tabuelan,25630,86.19638830883493
Cebu,Talisay City,227645,49.047165967265585
Cebu,Toledo City,170335,214.65540234485238
Cebu,Tuburan,63866,243.49147784335378
Cebu,Tudela,11296,37.05369700095421
Compostela Valley,Compostela,87474,263.6369192648219
Compostela Valley,Laak,73874,762.6077689877336
Compostela Valley,Mabini,41102,272.8503029450365
Compostela Valley,Maco,81277,251.92725637678876
Compostela Valley,Maragusan,60842,343.14420182588583
Compostela Valley,Mawab,37065,137.39953050267437
Compostela Valley,Monkayo,94908,662.5587181151496
Compostela Valley,Montevista,43706,172.45342193623432
Compostela Valley,Nabunturan,82234,244.89873165715403
Compostela Valley,New Bataan,47726,583.0510519758141
Compostela Valley,Pantukan,85899,584.5964222164557
Davao del Norte,Asuncion,59322,245.918595744853
Davao del Norte,Braulio E. Dujali,30104,119.84328863531158
Davao del Norte,Carmen,74679,151.82693532011672
Davao del Norte,Kapalong,76334,877.7053863320434
Davao del Norte,New Corella,54844,263.74504824837385
Davao del Norte,Panabo City,184599,303.2057408377177
Davao del Norte,Samal City,104123,283.32474019635026
Davao del Norte,San Isidro,26651,210.77119844700587
Davao del Norte,Santo Tomas,118750,269.4846187920931
Davao del Norte,Tagum City,259444,182.59572568176642
Davao del Norte,Talaingod,27482,602.4332870370109
Davao del Sur,Bansalan,60440,136.80857345773347
Davao del Sur,Davao City,1632991,2235.634883711219
Davao del Sur,Digos City,169393,227.78183110675909
Davao del Sur,Don Marcelino,44554,352.9369716725697
Davao del Sur,Hagonoy,53309,86.10080870063975
Davao del Sur,Jose Abad Santos,76332,689.6515195004973
Davao del Sur,Kiblawan,48897,80.39588961820651
Davao del Sur,Magsaysay,53876,110.3024682527537
Davao del Sur,Malalag,38731,447.0974322772097
Davao del Sur,Malita,117746,862.7133773760387
Davao del Sur,Matanao,56755,123.96712818934638
Davao del Sur,Padada,26587,56.242417894241974
Davao del Sur,Santa Cruz,90987,268.83397368109877
Davao del Sur,Santa Maria,53671,264.5486786970078
Davao del Sur,Sarangani,24039,90.66441312958898
Davao del Sur,Sulop,33613,51.038052235586406
Davao Oriental,Baganga,56241,1160.117908010824
Davao Oriental,Banaybanay,41117,387.47984893562375
Davao Oriental,Boston,13535,394.92605006924373
Davao Oriental,Caraga,40379,572.9519814732784
Davao Oriental,Cateel,40704,265.22122052001083
Davao Oriental,Governor Generoso,55109,287.5944339966657
Davao Oriental,Lupon,65785,358.32792620943866
Davao Oriental,Manay,42690,433.51465339190105
Davao Oriental,Mati City,141141,802.0435309261866
Davao Oriental,San Isidro,36032,226.1328287886838
Davao Oriental,Tarragona,26225,279.59117876791896
Dinagat Islands,Basilisa,36880,71.54911187605447
Dinagat Islands,Cagdianao,16808,237.4413880588442
Dinagat Islands,Dinagat,10632,13.048312192466225
Dinagat Islands,Libjo,17760,206.12809535206148
Dinagat Islands,Loreto,9309,169.7051808687713
Dinagat Islands,San Jose,27487,29.478195100187218
Dinagat Islands,Tubajon,8276,86.3114771852974
Eastern Samar,Arteche,16026,163.05160678615903
Eastern Samar,Balangiga,14085,207.49054389075258
Eastern Samar,Balangkayan,10125,171.37241214255292
Eastern Samar,Borongan City,69297,598.8639252077933
Eastern Samar,Can-Avid,21015,286.54583767802916
Eastern Samar,Dolores,42866,282.9728973383199
Eastern Samar,General Macarthur,14550,115.21356967183529
Eastern Samar,Giporlos,13308,53.43101387322582
Eastern Samar,Guiuan,52991,180.16002278939712
Eastern Samar,Hernani,8573,46.6754064836932
Eastern Samar,Jipapad,7885,174.0699825079702
Eastern Samar,Lawaan,12742,142.40074694019077
Eastern Samar,Llorente,20149,345.737869319984
Eastern Samar,Maslog,5407,286.1924033982304
Eastern Samar,Maydolong,14743,203.90137582768395
Eastern Samar,Mercedes,6070,22.947362896503456
Eastern Samar,Oras,36540,174.80779231666648
Eastern Samar,Quinapondan,14779,137.12714364961406
Eastern Samar,Salcedo,22532,121.95852728113246
Eastern Samar,San Julian,14498,128.03271575511752
Eastern Samar,San Policarpo,14687,77.64889830588284
Eastern Samar,Sulat,15377,150.75398666048605
Eastern Samar,Taft,18915,231.33925370302103
Guimaras,Buenavista,50437,109.88379529081334
Guimaras,Jordan,36096,100.73247345896772
Guimaras,Nueva Valencia,39810,122.92933392624049
Guimaras,San Lorenzo,26112,118.87022327999422
Guimaras,Sibunag,22158,152.9904113086562
Ifugao,Aguinaldo,19408,376.1324890588842
Ifugao,Alfonso Lista,32119,458.5383385149395
Ifugao,Asipulo,15261,172.181532917117
Ifugao,Banaue,21837,175.17321772920045
Ifugao,Hingyon,9227,66.02746738541008
Ifugao,Hungduan,9400,238.50178756974125
Ifugao,Kiangan,17048,90.62563120684393
Ifugao,Lagawe,19333,269.99429917594534
Ifugao,Lamut,25279,151.41563206576427
Ifugao,Mayoyao,17331,248.41381293069026
Ifugao,Tinoc,16559,256.1620408683791
Ilocos Norte,Adams,1792,115.59028573286682
Ilocos Norte,Bacarra,32215,47.05688306078058
Ilocos Norte,Badoc,31616,76.99838613037656
Ilocos Norte,Bangui,14672,142.7652321236614
Ilocos Norte,Banna,19438,89.54954597046809
Ilocos Norte,Batac City,55201,134.50526295379996
Ilocos Norte,Burgos,9777,170.77107982055787
Ilocos Norte,Carasi,1567,190.1366635727773
Ilocos Norte,Currimao,12184,32.93364131889256
Ilocos Norte,Dingras,38562,90.5873323397073
Ilocos Norte,Dumalneg,2947,82.89716376505916
Ilocos Norte,Laoag City,111125,114.25715651936997
Ilocos Norte,Marcos,17777,73.52049862099852
Ilocos Norte,Nueva Era,9506,618.5768026089953
Ilocos Norte,Pagudpud,23770,194.04424439664518
Ilocos Norte,Paoay,24866,71.54988821150806
Ilocos Norte,Pasuquin,28980,154.0333076767573
Ilocos Norte,Piddig,21497,128.4801262035814
Ilocos Norte,Pinili,17300,63.126581335942554
Ilocos Norte,San Nicolas,36736,40.19139104896759
Ilocos Norte,Sarrat,25212,92.17484321644051
Ilocos Norte,Solsona,24121,153.04445609516142
Ilocos Norte,Vintar,32220,497.08328879253565
Ilocos Sur,Alilem,6695,132.06066725456344
Ilocos Sur,Banayoyo,7748,23.208566323344144
Ilocos Sur,Bantay,35731,70.99085615742273
Ilocos Sur,Burgos,12224,49.557269242608406
Ilocos Sur,Cabugao,37501,68.86456118152608
Ilocos Sur,Candon City,60623,80.09486523792019
Ilocos Sur,Caoayan,19861,21.17216820042509
Ilocos Sur,Cervantes,17211,229.8991455387376
Ilocos Sur,Galimuyod,10748,32.781469108493454
Ilocos Sur,Gregorio Del Pilar,4875,63.92946156323933
Ilocos Sur,Lidlidda,4647,39.440081190782266
Ilocos Sur,Magsingal,30792,78.8178348168353
Ilocos Sur,Nagbukel,5259,36.4261611928239
Ilocos Sur,Narvacan,44006,97.08285242029282
Ilocos Sur,Quirino,8573,205.5314966326943
Ilocos Sur,Salcedo,11288,69.17272070354262
Ilocos Sur,San Emilio,7407,137.9061295551275
Ilocos Sur,San Esteban,8349,17.249188096111777
Ilocos Sur,San Ildefonso,7787,13.19548423119019
Ilocos Sur,San Juan,26411,59.8189752906693
Ilocos Sur,Santa Catalina,13945,10.81990185736873
Ilocos Sur,Santa Cruz,39868,105.85324980561532
Ilocos Sur,Santa Lucia,25402,43.830369052536746
Ilocos Sur,Santa Maria,30321,52.268932812683694
Ilocos Sur,Santiago,18759,65.49973922885229
Ilocos Sur,Santo Domingo,27975,50.30707181791169
Ilocos Sur,San Vicente,12758,12.181991542324235
Ilocos Sur,Sigay,2737,98.36478911634057
Ilocos Sur,Sinait,25640,73.69610159537363
Ilocos Sur,Sugpon,4585,180.12052427408346
Ilocos Sur,Suyo,11446,148.38581401218434
Ilocos Sur,Tagudin,39277,54.29359385799791
Ilocos Sur,Vigan City,53879,23.979586865690298
Iloilo,Ajuy,52268,169.98668851161162
Iloilo,Alimodian,38408,118.3251844259214
Iloilo,Anilao,28684,103.13935723456785
Iloilo,Badiangan,27005,62.36712106814286
Iloilo,Balasan,33088,51.20952900041901
Iloilo,Banate,32532,51.86680987437823
Iloilo,Barotac Nuevo,54146,94.99709491485311
Iloilo,Barotac Viejo,45808,188.0755314835348
Iloilo,Batad,21298,48.15091462470543
Iloilo,Bingawan,15199,38.38969519671889
Iloilo,Cabatuan,58442,102.0502782308868
Iloilo,Calinog,60413,133.09602278146255
Iloilo,Carles,68160,104.05698907561657
Iloilo,Concepcion,43159,94.01516689078548
Iloilo,Dingle,45335,103.27807524294028
Iloilo,Duenas,34242,93.64887965842892
Iloilo,Dumangas,69108,121.2288579691699
Iloilo,Estancia,48546,29.499283543300226
Iloilo,Guimbal,33820,40.731730160599845
Iloilo,Igbaras,32004,132.50429230144218
Iloilo,Iloilo City,447992,70.87492649581043
Iloilo,Janiuay,63905,192.64521482690986
Iloilo,Lambunao,73640,418.30195140489525
Iloilo,Leganes,32480,32.13793033090064
Iloilo,Lemery,30851,132.45040318958576
Iloilo,Leon,49875,147.62617888327978
Iloilo,Maasin,36922,137.9784360817912
Iloilo,Miagao,67565,170.6866039812354
Iloilo,Mina,23546,40.19223112629916
Iloilo,New Lucena,23240,39.55594328705231
Iloilo,Oton,89115,85.48570879941448
Iloilo,Passi City,80544,257.5970505595753
Iloilo,Pavia,55603,27.92746136206911
Iloilo,Pototan,75070,96.96524498915674
Iloilo,San Dionisio,38775,108.77403701402054
Iloilo,San Enrique,33911,93.35674622352491
Iloilo,San Joaquin,51892,200.226441696284
Iloilo,San Miguel,27686,31.56626973430036
Iloilo,San Rafael,16532,74.02429582047229
Iloilo,Santa Barbara,60215,70.76053177923528
Iloilo,Sara,52631,191.40746214239013
Iloilo,Tigbauan,62706,90.30916210044033
Iloilo,Tubungan,22449,87.82478829308877
Iloilo,Zarraga,25605,38.014091611719444
Isabela,Alicia,71504,172.854227685475
Isabela,Angadanan,43061,183.01504858477222
Isabela,Aurora,35017,69.44187312810993
Isabela,Benito Soliven,29624,290.9855501788148
Isabela,Burgos,23784,74.29644979903966
Isabela,Cabagan,50174,340.44395847397044
Isabela,Cabatuan,39413,60.95250209206542
Isabela,Cauayan City,129523,276.17347550852014
Isabela,Cordon,42926,121.77802119034992
Isabela,Delfin Albano,26614,192.61134871529754
Isabela,Dinapigue,5005,756.8043700279133
Isabela,Divilacan,5687,370.98438255947747
Isabela,Echague,79094,529.4516314433008
Isabela,Gamu,29904,99.68925967582689
Isabela,Ilagan,145568,1312.5143216792706
Isabela,Jones,45666,338.7042546759876
Isabela,Luna,19326,44.3727464614374
Isabela,Maconacon,4253,222.94621390415864
Isabela,Mallig,30459,112.46004400870935
Isabela,Naguilian,31902,86.62856523340261
Isabela,Palanan,17260,713.976458595501
Isabela,Quezon,25860,233.59306334200045
Isabela,Quirino,24501,130.2489754356595
Isabela,Ramon,52707,92.8427597953474
Isabela,Reina Mercedes,26998,36.92043756037911
Isabela,Roxas,61773,120.92423016511324
Isabela,San Agustin,22880,308.3340756013828
Isabela,San Guillermo,20200,464.12144483181345
Isabela,San Isidro,24861,58.7582004434459
Isabela,San Manuel,31896,82.85509677821761
Isabela,San Mariano,55370,888.9333109756948
Isabela,San Mateo,64505,95.42103596240626
Isabela,San Pablo,25384,636.4439396885872
Isabela,Santa Maria,25382,116.4521950314603
Isabela,Santiago City,134830,315.1482465013318
Isabela,Santo Tomas,23005,60.653012020116705
Isabela,Tumauini,67650,271.4222531358533
Kalinga,Balbalan,12195,525.1668999609832
Kalinga,Lubuagan,8733,258.8380323009349
Kalinga,Pasil,9644,222.40476540327558
Kalinga,Pinukpuk,32026,477.12286477603516
Kalinga,Rizal,17038,187.9538031004352
Kalinga,Tabuk City,110642,748.1830322110324
Kalinga,Tanudan,9534,311.0948174060334
Kalinga,Tinglayan,12868,166.83494405602158
Laguna,Alaminos,47859,60.55015182742759
Laguna,Bay,62143,40.79248728582506
Laguna,Biñan,333028,44.33312724954866
Laguna,Cabuyao,308745,45.68207125605974
Laguna,Calamba City,454486,130.6412188106308
Laguna,Calauan,80453,79.43522137004567
Laguna,Cavinti,21702,96.80926229068797
Laguna,Famy,16587,33.43515786314779
Laguna,Kalayaan,23269,52.63554176791177
Laguna,Liliw,36582,36.20475033592339
Laguna,Los Baños,112008,50.47500426076845
Laguna,Luisiana,19720,61.01501784174853
Laguna,Lumban,30652,117.355953963671
Laguna,Mabitac,20530,60.069683483870456
Laguna,Magdalena,25266,29.616431113224014
Laguna,Majayjay,27792,64.41258369175773
Laguna,Nagcarlan,63057,81.20413825017705
Laguna,Paete,25096,78.95431237153362
Laguna,Pagsanjan,42164,40.7767770502699
Laguna,Pakil,20659,30.023279665347488
Laguna,Pangil,24274,35.64123381813063
Laguna,Pila,50289,28.772716979110875
Laguna,Rizal,17253,24.01464246639976
Laguna,San Pablo City,266068,180.9188274768534
Laguna,San Pedro,325809,21.40048598318724
Laguna,Santa Cruz,117605,37.629714095177576
Laguna,Santa Maria,30830,137.35484805019195
Laguna,Santa Rosa City,353767,47.63192398741204
Laguna,Siniloan,38067,26.18184987309639
Laguna,Victoria,39321,28.363936321800466
Lanao del Norte,Bacolod,23034,62.45692865756874
Lanao del Norte,Baloi,58383,65.40062301487741
Lanao del Norte,Baroy,22600,62.265688573474264
Lanao del Norte,Iligan City,342618,653.2061789715995
Lanao del Norte,Kapatagan,62853,185.28563825875915
Lanao del Norte,Kauswagan,26278,45.22528758909254
Lanao del Norte,Kolambugan,27005,70.90975134725987
Lanao del Norte,Lala,67727,125.53725335932491
Lanao del Norte,Linamon,20341,22.287691077286574
Lanao del Norte,Magsaysay,19019,83.30847728361279
Lanao del Norte,Maigo,21666,126.74893172872936
Lanao del Norte,Matungao,13975,52.67464492734429
Lanao del Norte,Munai,32973,140.77046721319536
Lanao del Norte,Nunungan,18367,419.5031512703568
Lanao del Norte,Pantao Ragat,27866,71.5959035188761
Lanao del Norte,Pantar,21773,50.363044007100235
Lanao del Norte,Poona Piagapo,27018,88.39028187761339
Lanao del Norte,Salvador,31845,46.601329540329566
Lanao del Norte,Sapad,21309,65.31848209543482
Lanao del Norte,Sultan Naga Dimaporo,56764,144.05715399810032
Lanao del Norte,Tagoloan,13253,25.147398469196293
Lanao del Norte,Tangcal,15181,119.31401455630878
Lanao del Norte,Tubod,47165,122.30759461272368
Lanao del Sur,Bacolod Kalawi,20841,9.763877657884338
Lanao del Sur,Balabagan,26819,62.92044026741455
Lanao del Sur,Balindong,29180,34.57396996737881
Lanao del Sur,Bayang,23965,39.47400771807071
Lanao del Sur,Binidayan,22079,55.75661197208214
Lanao del Sur,Buadiposo-Buntong,16130,35.80318539944639
Lanao del Sur,Bubong,22336,216.58901446636074
Lanao del Sur,Bumbaran,10401,181.34137710256596
Lanao del Sur,Butig,19302,75.57108208804212
Lanao del Sur,Calanogas,13750,64.51234572375672
Lanao del Sur,Ditsaan-Ramain,22299,11.331441356010135
Lanao del Sur,Ganassi,23016,45.61820435166983
Lanao del Sur,Kapai,18894,188.88487543492832
Lanao del Sur,Kapatagan,15521,100.96753535497342
Lanao del Sur,Lumba-Bayabao,36151,673.9393244347707
Lanao del Sur,Lumbaca Unayan,7260,10.857214029148382
Lanao del Sur,Lumbatan,19105,27.113404805650966
Lanao del Sur,Lumbayanague,16372,22.02320206260348
Lanao del Sur,Madalum,23127,14.428835839574704
Lanao del Sur,Madamba,17756,36.76948202216364
Lanao del Sur,Maguing,24531,310.8930307512084
Lanao del Sur,Malabang,43957,81.24503268023444
Lanao del Sur,Marantao,32974,66.56949695619431
Lanao del Sur,Marawi City,201785,50.03830232178708
Lanao del Sur,Marogong,21319,209.40291080233644
Lanao del Sur,Masiu,29176,20.42124214200267
Lanao del Sur,Mulondo,16067,40.608178742965634
Lanao del Sur,Pagayawan,13139,36.9016150790774
Lanao del Sur,Piagapo,25440,14.855510288535893
Lanao del Sur,Picong,16615,105.72582051915454
Lanao del Sur,Poona Bayabao,22227,23.65097085941157
Lanao del Sur,Pualas,12866,21.88036616389063
Lanao del Sur,Saguiaran,24619,29.206786544799883
Lanao del Sur,Sultan Dumalondong,11298,190.85561933966216
Lanao del Sur,Tagoloan II,11169,150.2261175499912
Lanao del Sur,Tamparan,25874,10.06813571914837
Lanao del Sur,Taraka,23644,15.226200318828154
Lanao del Sur,Tubaran,14749,71.20451032861284
Lanao del Sur,Tugaya,23814,31.570284193965506
Lanao del Sur,Wao,45862,116.91019377839521
La Union,Agoo,63692,33.66941650475134
La Union,Aringay,47458,95.54459257899764
La Union,Bacnotan,42078,80.58182424493233
La Union,Bagulin,13456,77.89047438349226
La Union,Balaoan,39188,60.89445459056712
La Union,Bangar,35947,45.07291676151217
La Union,Bauang,75032,85.1622954153263
La Union,Burgos,8067,51.86730223688134
La Union,Caba,22039,56.12850897296212
La Union,Luna,35802,50.60227498733464
La Union,Naguilian,54221,86.29572563488169
La Union,Pugo,19690,60.47651660850375
La Union,Rosario,55458,64.26139049834511
La Union,San Fernando City,121812,120.9159129865061
La Union,San Gabriel,18172,154.03678382263612
La Union,San Juan,37188,53.38269031095304
La Union,Santol,12476,97.8754506828948
La Union,Santo Tomas,39092,58.46691717700411
La Union,Sudipen,17056,75.6708312533209
La Union,Tubao,28729,53.81576902030837
Leyte,Abuyog,59571,257.7495186250527
Leyte,Alangalang,55235,146.04286447809696
Leyte,Albuera,46332,168.27563227593706
Leyte,Babatngon,27797,137.1365610394498
Leyte,Barugo,32745,81.57477642800741
Leyte,Bato,38356,57.78690225411936
Leyte,Baybay City,109432,406.02527719172934
Leyte,Burauen,52732,206.14886205186875
Leyte,Calubian,31228,102.94670352770498
Leyte,Capoocan,33617,161.22406151554966
Leyte,Carigara,51345,117.06486870743461
Leyte,Dagami,35147,134.63354646397875
Leyte,Dulag,47300,63.921460476269
Leyte,Hilongos,63431,157.43582023560657
Leyte,Hindang,20924,107.19956178700251
Leyte,Inopacan,20550,196.85476822369696
Leyte,Isabel,46915,102.43826691506482
Leyte,Jaro,43199,191.4157733879663
Leyte,Javier,25379,153.75487850628545
Leyte,Julita,15114,57.408010353787596
Leyte,Kananga,56575,146.4005600692611
Leyte,La Paz,19998,136.58366249048208
Leyte,Leyte,40639,241.0817851756098
Leyte,Macarthur,21211,58.106988345295605
Leyte,Mahaplag,27823,181.07001504841028
Leyte,Matag-Ob,18373,63.69024951747497
Leyte,Matalom,33121,110.57580224345644
Leyte,Mayorga,17161,39.62259316522037
Leyte,Merida,29863,101.85230235910959
Leyte,Ormoc City,215031,453.695913790289
Leyte,Palo,70052,65.61373342267518
Leyte,Palompon,58108,126.31790443498062
Leyte,Pastrana,18002,79.49537724471983
Leyte,San Isidro,31641,112.65647836409319
Leyte,San Miguel,19420,104.28398914457352
Leyte,Santa Fe,20439,57.38493242545536
Leyte,Tabango,34195,116.38606609356289
Leyte,Tabontabon,11204,20.54320778423599
Leyte,Tacloban City,242089,118.95703369579611
Leyte,Tanauan,55021,63.04442107276843
Leyte,Tolosa,20978,28.294667275083334
Leyte,Tunga,7584,17.431691985719787
Leyte,Villaba,41891,134.16220397254682
Maguindanao,Ampatuan,24801,344.1796037828581
Maguindanao,Buluan,50008,22.646671750091876
Maguindanao,Cotabato City,299438,83.56820046138102
Maguindanao,Datu Abdullah Sanki,23878,137.1487126161906
Maguindanao,Datu Anggal Midtimbang,25016,30.81496570093091
Maguindanao,Datu Paglas,28387,142.82941202643272
Maguindanao,Datu Piang,25600,82.06768969812329
Maguindanao,Datu Saudi-Ampatuan,26427,73.95375997605791
Maguindanao,Datu Unsay,11813,85.75766197947686
Maguindanao,Gen. S. K. Pendatun,28103,98.4909395238477
Maguindanao,Guindulungan,19911,60.65504879477489
Maguindanao,Mamasapano,24800,69.00905783382791
Maguindanao,Mangudadatu,25046,32.52115670223376
Maguindanao,Pagagawan,34820,111.41687656201567
Maguindanao,Pagalungan,39653,275.3181658832689
Maguindanao,Paglat,15920,17.02456148502116
Maguindanao,Pandag,25057,44.24006218239591
Maguindanao,Rajah Buayan,23652,82.29131369628848
Maguindanao,Shariff Aguak,31692,62.960765020157254
Maguindanao,South Upi,40178,375.13604555237055
Maguindanao,Sultan Sa Barongis,22425,83.02144107545035
Maguindanao,Talayan,30032,108.70616836430212
Maguindanao,Talitay,14863,46.195919265432074
Marinduque,Boac,54730,182.18024562908283
Marinduque,Buenavista,23988,83.27851028249204
Marinduque,Gasan,34828,116.25717664731715
Marinduque,Mogpog,34043,101.17698631975527
Marinduque,Santa Cruz,56408,236.36651960977733
Marinduque,Torrijos,30524,210.21217616105193
Masbate,Aroroy,86168,404.53723923755337
Masbate,Baleno,26096,200.73075256693738
Masbate,Balud,38124,218.00881963184594
Masbate,Batuan,15086,59.458954465444805
Masbate,Cataingan,50327,192.27408979303502
Masbate,Cawayan,67033,262.10151257554685
Masbate,Claveria,43693,175.46391094226024
Masbate,Dimasalang,26192,100.73133191582129
Masbate,Esperanza,18568,62.947525232382446
Masbate,Mandaon,41262,268.0276079770126
Masbate,Masbate City,95389,193.45204265760205
Masbate,Milagros,57473,531.742710794029
Masbate,Mobo,38813,143.4115714182729
Masbate,Monreal,26614,91.86864776842602
Masbate,Palanas,26222,138.57293767370368
Masbate,Pio V. Corpuz,23236,95.94060060597668
Masbate,Placer,55826,254.2872340269529
Masbate,San Fernando,23057,65.6253870258155
Masbate,San Jacinto,30372,113.4875937365039
Masbate,San Pascual,46674,255.5414306163936
Masbate,Uson,56168,184.26723184150404
Metropolitan Manila,Kalookan City,1583978,46.95979062651965
Metropolitan Manila,Las Piñas,588894,33.173220926347945
Metropolitan Manila,Makati City,582602,31.749493342969917
Metropolitan Manila,Malabon,365525,14.605281305857622
Metropolitan Manila,Mandaluyong,386276,10.941077210129675
Metropolitan Manila,Manila,1780148,36.66821034372189
Metropolitan Manila,Marikina,450741,22.138168551955214
Metropolitan Manila,Muntinlupa,504509,38.506087413546936
Metropolitan Manila,Navotas,249463,7.862580203633471
Metropolitan Manila,Parañaque,665822,44.1605127734098
Metropolitan Manila,Pasay City,416522,18.669001645873706
Metropolitan Manila,Pasig City,755300,31.547550284071125
Metropolitan Manila,Pateros,63840,1.9549845533886387
Metropolitan Manila,Quezon City,2936116,147.90747661901153
Metropolitan Manila,San Juan,122180,5.780210783231111
Metropolitan Manila,Taguig,804915,27.64961383636325
Metropolitan Manila,Valenzuela,620422,37.23077276043977
Misamis Occidental,Aloran,27625,105.95912726258798
Misamis Occidental,Baliangao,17092,58.31655335993863
Misamis Occidental,Bonifacio,32345,104.14378773670357
Misamis Occidental,Calamba,21676,110.95452466167916
Misamis Occidental,Clarin,37548,114.31355165733426
Misamis Occidental,Concepcion,10937,63.62405656935353
Misamis Occidental,Don Victoriano Chiongbian,10183,308.5273211635223
Misamis Occidental,Jimenez,27654,78.69677982765737
Misamis Occidental,Lopez Jaena,25055,90.79027119769185
Misamis Occidental,Oroquieta City,70757,196.1707644951982
Misamis Occidental,Ozamis City,141828,149.86304816804042
Misamis Occidental,Panaon,10209,52.67356112501749
Misamis Occidental,Plaridel,38900,56.50133012629171
Misamis Occidental,Sapang Dalaga,19983,85.89975958102605
Misamis Occidental,Sinacaban,18391,71.19114834234925
Misamis Occidental,Tangub City,63011,142.21068758448322
Misamis Occidental,Tudela,28932,109.24193793955776
Misamis Oriental,Alubijid,29724,80.45204894415242
Misamis Oriental,Balingasag,67059,126.10767059698424
Misamis Oriental,Balingoan,11051,62.90688957318661
Misamis Oriental,Binuangan,7515,15.378146761483395
Misamis Oriental,Cagayan de Oro City,675950,441.8760313250651
Misamis Oriental,Claveria,48906,772.2836505352458
Misamis Oriental,El Salvador City,50204,141.97061446254463
Misamis Oriental,Gingoog City,124648,540.4189130205805
Misamis Oriental,Gitagum,16373,41.62528637487652
Misamis Oriental,Initao,32370,68.25162210814982
Misamis Oriental,Jasaan,54478,68.60475181412573
Misamis Oriental,Kinoguitan,14391,36.33463950540544
Misamis Oriental,Lagonglong,21659,46.822171835786826
Misamis Oriental,Laguindingan,24405,38.01009892051531
Misamis Oriental,Libertad,12354,40.73661114781424
Misamis Oriental,Lugait,19758,14.319540047666058
Misamis Oriental,Magsaysay,34605,118.5915788414098
Misamis Oriental,Manticao,28422,110.4560997823679
Misamis Oriental,Medina,32907,119.14707861202378
Misamis Oriental,Naawan,21213,70.02854201975762
Misamis Oriental,Opol,61503,143.69261494696207
Misamis Oriental,Salay,28705,56.68148316769192
Misamis Oriental,Sugbongcogon,9226,21.433738149239094
Misamis Oriental,Tagoloan,73150,55.948970702192305
Misamis Oriental,Talisayan,24505,65.41756841519786
Misamis Oriental,Villanueva,39378,46.237857201059775
Mountain Province,Barlig,4819,202.27340809919633
Mountain Province,Bauko,31065,150.20560425182558
Mountain Province,Besao,7040,124.23959094495657
Mountain Province,Bontoc,24643,310.8192381195158
Mountain Province,Natonin,10272,403.099859020945
Mountain Province,Paracelis,28121,456.7981453648661
Mountain Province,Sabangan,9315,116.0869813653853
Mountain Province,Sadanga,8799,148.31458565111407
Mountain Province,Sagada,11127,76.77797704869064
Mountain Province,Tadian,19389,139.882238698811
Negros Occidental,Bacolod City,561875,152.52940639043015
Negros Occidental,Bago City,170981,351.5639794701532
Negros Occidental,Binalbagan,67270,196.59200200071135
Negros Occidental,Cadiz City,154723,517.3215434215743
Negros Occidental,Calatrava,80624,345.3551799555103
Negros Occidental,Candoni,21789,317.1670919609566
Negros Occidental,Cauayan,102165,462.97375702360597
Negros Occidental,Enrique B. Magalona,62921,140.5996623299441
Negros Occidental,Escalante City,94070,193.876030678665
Negros Occidental,Himamaylan City,106880,367.81341126212715
Negros Occidental,Hinigaran,85602,150.10151151537224
Negros Occidental,Hinoba-An,56819,465.01851008157536
Negros Occidental,Ilog,57389,272.5950392621884
Negros Occidental,Isabela,62146,198.27337471939416
Negros Occidental,Kabankalan City,181977,712.5666129067832
Negros Occidental,La Carlota City,64469,121.24001072091416
Negros Occidental,La Castellana,74855,197.30126057561444
Negros Occidental,Manapla,54845,99.38098004410006
Negros Occidental,Moises Padilla,41386,150.2059765987173
Negros Occidental,Murcia,81286,364.9353197779792
Negros Occidental,Pontevedra,51866,115.23644650182078
Negros Occidental,Pulupandan,27735,16.155584233715587
Negros Occidental,Sagay City,146264,305.34691916336743
Negros Occidental,Salvador Benedicto,25662,182.61844164537555
Negros Occidental,San Carlos City,132536,409.89492050792717
Negros Occidental,San Enrique,23907,27.532496589515205
Negros Occidental,Silay City,126930,196.91639054996068
Negros Occidental,Sipalay City,70070,327.09538358336573
Negros Occidental,Talisay City,102214,199.40623857172844
Negros Occidental,Toboso,42114,118.81194390447284
Negros Occidental,Valladolid,37833,40.43768806056908
Negros Occidental,Victorias City,87933,103.75930767526236
Negros Oriental,Amlan,23624,65.81450325090505
Negros Oriental,Ayungon,46303,171.07792935350642
Negros Oriental,Bacong,36527,26.129200738080492
Negros Oriental,Bais City,76291,269.73935294786384
Negros Oriental,Basay,26566,132.50675163504525
Negros Oriental,Bayawan City,117900,684.3689882602216
Negros Oriental,Bindoy,39819,203.8745213340748
Negros Oriental,Canlaon City,54509,147.64635884762296
Negros Oriental,Dauin,27786,81.0870395039561
Negros Oriental,Dumaguete City,131377,30.48559647572287
Negros Oriental,Guihulngan City,95969,346.9553064603477
Negros Oriental,Jimalalud,30945,126.6006563285778
Negros Oriental,La Libertad,38602,130.89569795477647
Negros Oriental,Mabinay,78864,376.07112925265574
Negros Oriental,Manjuyod,42332,94.55144961457795
Negros Oriental,Pamplona,37596,215.51528707855542
Negros Oriental,San Jose,20413,47.19717136229848
Negros Oriental,Santa Catalina,75756,543.6469330278288
Negros Oriental,Siaton,77696,313.36159382144865
Negros Oriental,Sibulan,59455,165.7091162321535
Negros Oriental,Tanjay City,80532,261.5208556392436
Negros Oriental,Tayasan,35470,157.3217881503063
Negros Oriental,Valencia,34852,144.74121996919501
Negros Oriental,Vallehermoso,38259,114.28149312039983
Negros Oriental,Zamboanguita,27552,153.15012890539253
North Cotabato,Alamada,64596,743.0679341862292
North Cotabato,Aleosan,39405,154.57136808830757
North Cotabato,Antipas,25304,256.9966291811866
North Cotabato,Arakan,48228,504.0142336304126
North Cotabato,Banisilan,43677,407.97004855914423
North Cotabato,Carmen,95921,668.3288368364556
North Cotabato,Kabacan,89161,224.25663099100248
North Cotabato,Kidapawan City,140195,240.89242829785056
North Cotabato,Libungan,48768,238.30797950901166
North Cotabato,Magpet,49201,409.9032536915201
North Cotabato,Makilala,83851,360.83166163234046
North Cotabato,Matalam,79361,342.3517412618054
North Cotabato,Midsayap,151684,243.66998071387962
North Cotabato,M'Lang,95070,355.6733474549907
North Cotabato,Pigkawayan,66796,166.2535244696344
North Cotabato,Pikit,154441,325.344050206287
North Cotabato,President Roxas,47575,300.59749399711563
North Cotabato,Tulunan,56513,443.4738561679561
Northern Samar,Allen,25469,57.352127179931585
Northern Samar,Biri,11767,26.847489273582763
Northern Samar,Bobon,23668,199.26225908905334
Northern Samar,Capul,12679,34.60192865373824
Northern Samar,Catarman,94037,256.7469984165201
Northern Samar,Catubig,33025,218.53306262129237
Northern Samar,Gamay,23511,95.60504601418288
Northern Samar,Laoang,61359,208.48331760684113
Northern Samar,Lapinig,13020,57.29424600576849
Northern Samar,Las Navas,37947,268.61750011944713
Northern Samar,Lavezares,28770,97.51608282484162
Northern Samar,Lope de Vega,14687,187.3315122845098
Northern Samar,Mapanas,14025,144.19880420706838
Northern Samar,Mondragon,38726,324.028490354023
Northern Samar,Palapag,34286,154.1339943763527
Northern Samar,Pambujan,33062,151.25561174715202
Northern Samar,Rosario,10520,69.25916271078627
Northern Samar,San Antonio,9058,28.87416505034122
Northern Samar,San Isidro,26650,178.44310611298704
Northern Samar,San Jose,17561,68.96712805557883
Northern Samar,San Roque,30580,167.18914309269468
Northern Samar,San Vicente,7856,19.45632351587759
Northern Samar,Silvino Lobos,15299,256.3867594818384
Northern Samar,Victoria,14817,138.03747306036567
Nueva Ecija,Aliaga,63543,103.60199404690637
Nueva Ecija,Bongabon,64173,225.22601752461802
Nueva Ecija,Cabanatuan City,302231,193.33599642123045
Nueva Ecija,Cabiao,79007,110.11519273139427
Nueva Ecija,Carranglan,41131,764.1298319215261
Nueva Ecija,Cuyapo,65039,180.76080704415
Nueva Ecija,Gabaldon,35383,263.7413424304031
Nueva Ecija,Gapan City,110303,163.37684063270268
Nueva Ecija,General Mamerto Natividad,41656,114.02655718393181
Nueva Ecija,General Tinio,47865,659.7168192185084
Nueva Ecija,Guimba,118655,214.26957349240007
Nueva Ecija,Jaen,73184,93.60487175323016
Nueva Ecija,Laur,35656,167.9321857275769
Nueva Ecija,Licab,28254,55.16637467421631
Nueva Ecija,Llanera,39701,106.88791325978252
Nueva Ecija,Lupao,43788,130.74536515816695
Nueva Ecija,Muñoz City,81483,122.83412266953165
Nueva Ecija,Nampicuan,14954,44.876667172836235
Nueva Ecija,Palayan City,41041,88.36196109432011
Nueva Ecija,Pantabangan,29925,423.3268869648515
Nueva Ecija,Peñaranda,29882,66.65201923130296
Nueva Ecija,Quezon,40592,76.24629901525202
Nueva Ecija,Rizal,64087,162.35104172522992
Nueva Ecija,San Antonio,77836,168.94660828336535
Nueva Ecija,San Isidro,51612,44.46826656727175
Nueva Ecija,San Jose City,139738,169.59701332698143
Nueva Ecija,San Leonardo,65299,51.76456166918154
Nueva Ecija,Santa Rosa,69467,140.42474480879335
Nueva Ecija,Santo Domingo,57943,75.44763054174916
Nueva Ecija,Talavera,124829,100.45475364855388
Nueva Ecija,Talugtug,23817,100.96237855486966
Nueva Ecija,Zaragoza,49387,91.75070285216769
Nueva Vizcaya,Alfonso Castaneda,7940,424.9746799871353
Nueva Vizcaya,Ambaguio,15250,204.94070844151406
Nueva Vizcaya,Aritao,37225,302.4094021337679
Nueva Vizcaya,Bagabag,35501,167.4664817516919
Nueva Vizcaya,Bambang,53433,311.02552705459925
Nueva Vizcaya,Bayombong,61512,143.70027111956583
Nueva Vizcaya,Diadi,18122,210.170924337269
Nueva Vizcaya,Dupax Del Norte,27514,329.5837127393476
Nueva Vizcaya,Dupax Del Sur,19111,371.29978762558284
Nueva Vizcaya,Kasibu,37705,310.5132793464721
Nueva Vizcaya,Kayapa,23714,500.3093057525285
Nueva Vizcaya,Quezon,21056,174.9058546625982
Nueva Vizcaya,Santa Fe,16180,319.9642607349217
Nueva Vizcaya,Solano,59517,67.4132575233347
Nueva Vizcaya,Villaverde,18507,84.32817131241491
Occidental Mindoro,Abra de Ilog,31306,523.4783343387137
Occidental Mindoro,Calintaan,29826,282.2061369307104
Occidental Mindoro,Looc,10117,134.2688413591486
Occidental Mindoro,Lubang,18803,123.60685234953105
Occidental Mindoro,Magsaysay,36016,256.499420517954
Occidental Mindoro,Mamburao,42975,344.69777090288704
Occidental Mindoro,Paluan,16025,557.1965958224769
Occidental Mindoro,Rizal,38263,184.89457637514093
Occidental Mindoro,Sablayan,83169,2349.506550974113
Occidental Mindoro,San Jose,143430,449.6721670572367
Occidental Mindoro,Santa Cruz,37484,709.0812206522431
Oriental Mindoro,Baco,37215,210.19810841830719
Oriental Mindoro,Bansud,40992,196.995882744361
Oriental Mindoro,Bongabong,72073,493.7423284892007
Oriental Mindoro,Bulalacao,39107,365.60040562057844
Oriental Mindoro,Calapan City,133893,234.20642436137754
Oriental Mindoro,Gloria,45073,327.2733076525518
Oriental Mindoro,Mansalay,54533,477.1696581679573
Oriental Mindoro,Naujan,102998,431.4933597769091
Oriental Mindoro,Pinamalayan,86172,206.86989420591763
Oriental Mindoro,Pola,34701,127.0449174602515
Oriental Mindoro,Puerto Galera,36606,210.06344960949255
Oriental Mindoro,Roxas,53201,90.15236549025484
Oriental Mindoro,San Teodoro,17904,370.95046328590325
Oriental Mindoro,Socorro,39099,206.04380725476452
Oriental Mindoro,Victoria,50492,216.18618741582253
Palawan,Aborlan,35091,642.852793483879
Palawan,Agutaya,12545,33.733348806438904
Palawan,Araceli,14909,182.31165017730132
Palawan,Balabac,40142,568.6797252327067
Palawan,Bataraza,75468,814.2047373628526
Palawan,Brooke's Point,66374,889.5435665166764
Palawan,Busuanga,22046,356.794805804564
Palawan,Cagayancillo,6285,14.879016306846157
Palawan,Coron,51803,758.0334712404438
Palawan,Culion,20139,471.2916498447757
Palawan,Cuyo,22360,38.30259278443259
Palawan,Dumaran,23734,473.2338597263846
Palawan,El Nido,41606,528.8343253122327
Palawan,Linapacan,15668,164.68034473242167
Palawan,Magsaysay,12196,55.40857641279419
Palawan,Narra,73212,828.1191718203354
Palawan,Puerto Princesa City,255116,2179.524865441981
Palawan,Quezon,60980,914.3085897972201
Palawan,Rizal,50096,976.067137407734
Palawan,Roxas,65358,1005.2160841263835
Palawan,San Vicente,31232,868.2130111570466
Palawan,Sofronio Espanola,32876,475.5684346748664
Palawan,Taytay,75165,1321.996118176359
Pampanga,Angeles City,411634,64.53900009053642
Pampanga,Apalit,107965,63.342855792696746
Pampanga,Arayat,133492,153.35839442199557
Pampanga,Bacolor,39460,82.92610226152507
Pampanga,Candaba,111586,269.3182166103609
Pampanga,Floridablanca,125163,176.30397108066055
Pampanga,Guagua,117430,63.683509400946036
Pampanga,Lubao,160838,166.61396719358459
Pampanga,Mabalacat,250799,257.43915064676673
Pampanga,Macabebe,75850,42.11967133031553
Pampanga,Magalang,113147,99.81027776009601
Pampanga,Masantol,57063,81.46677786118607
Pampanga,Mexico,154624,118.1647229700281
Pampanga,Minalin,47713,43.99243637781195
Pampanga,Porac,124381,238.75794700798235
Pampanga,San Fernando City,306659,72.00098770697025
Pampanga,San Luis,54106,55.44441707911034
Pampanga,San Simon,53198,50.42955157928982
Pampanga,Santa Ana,55178,52.15583962879938
Pampanga,Santa Rita,40979,28.46764813466061
Pampanga,Santo Tomas,40475,14.0067327417418
Pampanga,Sasmuan,28004,55.650938573940955
Pangasinan,Agno,28052,148.49161930004982
Pangasinan,Aguilar,41463,132.55508849373624
Pangasinan,Alaminos City,89708,165.23984854291692
Pangasinan,Alcala,43402,39.02806140626165
Pangasinan,Anda,39504,75.40830823836211
Pangasinan,Asingan,57355,65.87219344921967
Pangasinan,Balungao,31106,84.42852707802828
Pangasinan,Bani,50306,180.3061462961776
Pangasinan,Basista,32959,21.98920197356781
Pangasinan,Bautista,32307,54.84841509812569
Pangasinan,Bayambang,118205,121.21329924176892
Pangasinan,Binalonan,54555,78.46937575961189
Pangasinan,Binmaley,83052,61.76390961758214
Pangasinan,Bolinao,82084,206.71369084610163
Pangasinan,Bugallon,67348,157.93690887716704
Pangasinan,Burgos,21637,113.61501686360847
Pangasinan,Calasiao,95154,49.140821778630816
Pangasinan,Dagupan City,171271,47.70003310738461
Pangasinan,Dasol,29110,255.79918488065124
Pangasinan,Infanta,24584,216.62746598669588
Pangasinan,Labrador,23201,92.50137620832801
Pangasinan,Laoac,31497,40.65937048864676
Pangasinan,Lingayen,103278,68.64959143909857
Pangasinan,Mabini,24765,259.6283546920567
Pangasinan,Malasiqui,130275,124.6768856752963
Pangasinan,Manaoag,69497,42.37700262309672
Pangasinan,Mangaldan,106331,43.36831023615304
Pangasinan,Mangatarem,73241,301.3792080744514
Pangasinan,Mapandan,37059,21.329959520536658
Pangasinan,Natividad,24299,74.34905176433553
Pangasinan,Pozzorubio,69555,74.6776334619735
Pangasinan,Rosales,63081,59.048594021158394
Pangasinan,San Carlos City,188571,151.10664301415514
Pangasinan,San Fabian,83025,69.19692862820257
Pangasinan,San Jacinto,40848,34.05652499384287
Pangasinan,San Manuel,52939,119.49536543811388
Pangasinan,San Nicolas,35574,233.59522896920518
Pangasinan,San Quintin,32945,117.29764224926745
Pangasinan,Santa Barbara,82012,64.64547264092006
Pangasinan,Santa Maria,33038,51.666022518272655
Pangasinan,Santo Tomas,15022,7.251696373311774
Pangasinan,Sison,47518,151.82126374666223
Pangasinan,Sual,34149,162.72291715913408
Pangasinan,Tayug,43149,51.91084067899073
Pangasinan,Umingan,73252,253.9875128027559
Pangasinan,Urbiztondo,50170,61.231877006712175
Pangasinan,Urdaneta City,132940,107.69083379089106
Pangasinan,Villasis,62333,75.97055439112253
Quezon,Agdangan,12851,32.723129309019725
Quezon,Alabat,15630,57.897634352930034
Quezon,Atimonan,63432,233.0189650023935
Quezon,Buenavista,30047,157.58810554242197
Quezon,Burdeos,26760,232.58525811527068
Quezon,Calauag,73139,323.75687509465877
Quezon,Candelaria,117434,158.3437786998364
Quezon,Catanauan,71073,267.5667909649717
Quezon,Dolores,28891,61.285066679766736
Quezon,General Luna,26494,119.27195458794671
Quezon,General Nakar,29705,1275.6827445114845
Quezon,Guinayangan,45155,237.13534624641346
Quezon,Gumaca,73877,199.78643224895052
Quezon,Infanta,69079,94.78753618987707
Quezon,Jomalig,7417,52.12637680310821
Quezon,Lopez,95167,379.2106704837818
Quezon,Lucban,51475,120.27810200514327
Quezon,Lucena City,266248,91.00590826355182
Quezon,Macalelon,28188,81.82461721371229
Quezon,Mauban,63819,430.1986536289614
Quezon,Mulanay,53123,263.23721355324324
Quezon,Padre Burgos,22460,64.89328630061362
Quezon,Pagbilao,75023,172.13038826018067
Quezon,Panukulan,13546,208.7586847630731
Quezon,Patnanungan,14606,97.45304305729827
Quezon,Perez,12173,52.695158258883666
Quezon,Pitogo,23019,72.35394813926492
Quezon,Plaridel,10935,18.977200932844145
Quezon,Polillo,30582,248.64099955156314
Quezon,Quezon,15228,80.92811124377965
Quezon,Real,35979,382.1868724822252
Quezon,Sampaloc,13907,93.08024497999284
Quezon,San Andres,35780,173.9582162668805
Quezon,San Antonio,33467,60.33707629501384
Quezon,San Francisco,61473,320.92664072649393
Quezon,San Narciso,48461,241.52027419532942
Quezon,Sariaya,148980,198.93683257703978
Quezon,Tagkawayan,51832,552.4685284352781
Quezon,Tayabas City,99779,232.7355456273795
Quezon,Tiaong,99712,109.10506958200058
Quezon,Unisan,26884,108.91252905023494
Quirino,Aglipay,27787,225.82916428842552
Quirino,Cabarroguis,30582,216.6721883686823
Quirino,Diffun,52569,288.6485408946569
Quirino,Maddela,38499,785.6584001549815
Quirino,Nagtipunan,23484,1523.3494723765948
Quirino,Saguday,16070,58.44032248117686
Rizal,Angono,113283,21.701485933581004
Rizal,Antipolo City,776386,352.73447014815923
Rizal,Baras,69300,25.353190727882208
Rizal,Binangonan,282474,45.78758207220347
Rizal,Cainta,322128,17.37520495137675
Rizal,Cardona,49034,29.147504778452355
Rizal,Jala-Jala,32254,45.219460376884584
Rizal,Morong,58118,36.44043607356608
Rizal,Pililla,64812,62.7842698246777
Rizal,Rodriguez,369222,267.98398437517494
Rizal,San Mateo,252527,57.284800640157414
Rizal,Tanay,117830,259.2404728268408
Rizal,Taytay,319104,29.970011887923242
Rizal,Teresa,57755,16.823908767912826
Romblon,Alcantara,16351,63.36243728243097
Romblon,Banton,5536,29.62959881895783
Romblon,Cajidiocan,21861,155.11925634211386
Romblon,Calatrava,10275,47.98363928764097
Romblon,Concepcion,4037,23.747290781599958
Romblon,Corcuera,10283,21.124858169811223
Romblon,Ferrol,6964,33.86380029673933
Romblon,Looc,22262,76.82063460897326
Romblon,Magdiwang,14142,95.38263927968107
Romblon,Odiongan,45367,156.413735241324
Romblon,Romblon,38758,91.09518164705386
Romblon,Romblon,292781,91.09518164705386
Romblon,San Agustin,22598,88.54150557606386
Romblon,San Andres,15589,108.7111870304643
Romblon,San Fernando,23271,202.38780092861398
Romblon,San Jose,10881,28.54988344340361
Romblon,Santa Fe,16098,65.76447158656623
Romblon,Santa Maria,8508,38.20324556145987
Samar,Almagro,8942,25.288784962944202
Samar,Basey,55480,630.7600922409702
Samar,Calbayog City,183851,900.9243428858998
Samar,Calbiga,22982,217.70558607265954
Samar,Catbalogan City,103879,177.74495902026592
Samar,Daram,42879,109.69445926725965
Samar,Gandara,34434,298.1220370295382
Samar,Hinabangan,13673,380.36421058530107
Samar,Jiabong,18342,100.42661856974344
Samar,Marabut,16962,149.49386728610443
Samar,Matuguinao,7288,370.3941503044683
Samar,Motiong,15156,111.29994005636699
Samar,Pagsanghan,7945,29.57702455500569
Samar,Paranas,30557,539.129991192552
Samar,Pinabacdao,18252,118.89297281173269
Samar,San Jorge,17184,281.19278097886877
Samar,San Jose de Buan,7769,282.15647491748496
Samar,San Sebastian,8057,15.905406479138241
Samar,Santa Margarita,26348,131.24082913815124
Samar,Santa Rita,41591,251.43961867531104
Samar,Santo Nino,12863,30.99721370948055
Samar,Tagapul-An,8473,29.49768019675173
Samar,Talalora,8057,26.669389437347373
Samar,Tarangnan,24992,89.92324859875251
Samar,Villareal,28230,130.76352795658389
Samar,Zumarraga,16295,36.749390324100226
Sarangani,Alabel,80359,481.98006518440263
Sarangani,Glan,118263,726.0887353163556
Sarangani,Kiamba,61058,370.036936772835
Sarangani,Maasim,59468,411.96395669803195
Sarangani,Maitum,44595,299.2405970359114
Sarangani,Malapatan,76914,510.0674006835168
Sarangani,Malungon,103604,461.6741715827606
Siquijor,Enrique Villanueva,6104,28.381567147693037
Siquijor,Larena,13847,48.57168209383968
Siquijor,Lazi,20490,60.479997903151606
Siquijor,Maria,13828,58.729771055956014
Siquijor,San Juan,14854,40.36419469270102
Siquijor,Siquijor,26861,85.03372743831315
Siquijor,Siquijor,95984,85.03372743831315
Sorsogon,Barcelona,20990,58.96247274873663
Sorsogon,Bulan,100076,187.8692829825357
Sorsogon,Bulusan,22884,93.40397334394461
Sorsogon,Casiguran,32842,87.5739569167094
Sorsogon,Castilla,57827,197.82754629842162
Sorsogon,Donsol,49711,153.3940949732445
Sorsogon,Gubat,59534,95.35142094346851
Sorsogon,Irosin,56662,130.57532536389928
Sorsogon,Juban,32320,128.1677509822848
Sorsogon,Magallanes,37038,117.94797453037631
Sorsogon,Matnog,41101,146.65057279751184
Sorsogon,Pilar,74564,197.15087721905948
Sorsogon,Prieto Diaz,22442,46.17886450863379
Sorsogon,Santa Magdalena,16848,54.694598516270446
Sorsogon,Sorsogon City,168110,300.7006523650365
South Cotabato,Banga,83989,214.96387220396264
South Cotabato,General Santos City,594446,476.8966305185316
South Cotabato,Koronadal City,174942,257.2708057531185
South Cotabato,Lake Sebu,87442,991.6281746755205
South Cotabato,Norala,46642,151.88909252828554
South Cotabato,Polomolok,152589,288.30427333147094
South Cotabato,Santo Nino,40947,72.02966172007388
South Cotabato,Surallah,84539,322.8368623783785
South Cotabato,Tampakan,39525,350.3614295057906
South Cotabato,Tantangan,43245,208.23939561381715
South Cotabato,T'Boli,91453,776.6016275620938
South Cotabato,Tupi,69976,256.68774726767157
Southern Leyte,Anahawan,8211,51.2611027924857
Southern Leyte,Bontoc,28905,89.50933271632024
Southern Leyte,Hinunangan,29976,136.99314865156444
Southern Leyte,Hinundayan,12285,53.52535874927376
Southern Leyte,Libagon,15169,111.87113661278612
Southern Leyte,Liloan,23981,83.78856230678551
Southern Leyte,Limasawa,6061,7.068583702980848
Southern Leyte,Maasin City,85560,207.7084109567782
Southern Leyte,Macrohon,26244,63.009730310751735
Southern Leyte,Malitbog,22923,85.0670614487159
Southern Leyte,Padre Burgos,11091,43.489850977037534
Southern Leyte,Pintuyan,9826,45.79198485969292
Southern Leyte,Saint Bernard,28395,80.03582448344922
Southern Leyte,San Francisco,13402,59.21657163283241
Southern Leyte,San Juan,14858,32.79546560936471
Southern Leyte,San Ricardo,10494,38.012443734547
Southern Leyte,Silago,12775,196.82809238170103
Southern Leyte,Sogod,44986,218.1353997924321
Southern Leyte,Tomas Oppus,16608,87.83143426059979
Sultan Kudarat,Bagumbayan,67061,678.8308470436241
Sultan Kudarat,Columbio,33258,576.6108824681792
Sultan Kudarat,Esperanza,66095,279.5049060274806
Sultan Kudarat,Isulan,90682,400.2485844063802
Sultan Kudarat,Kalamansig,49059,468.78784272018066
Sultan Kudarat,Lambayong,77013,192.47696941249396
Sultan Kudarat,Lebak,88868,484.9453614745644
Sultan Kudarat,Lutayan,63029,153.544476970653
Sultan Kudarat,Palimbang,90424,635.8030654584929
Sultan Kudarat,President Quirino,41408,79.35942379942806
Sultan Kudarat,Sen. Ninoy Aquino,46882,323.6395022102159
Sultan Kudarat,Tacurong City,98316,155.64904089226096
Sulu,Hadji Panglima Tahil,6375,38.05023337024756
Sulu,Indanan,80883,109.37184967064361
Sulu,Jolo,125564,6.521683210503228
Sulu,Kalingalan Caluang,31567,66.07358359697771
Sulu,Lugus,21897,34.31369202741104
Sulu,Luuk,32162,173.22545522626746
Sulu,Maimbung,37914,44.17063167249074
Sulu,Old Panamao,40998,65.43745168048088
Sulu,Pandami,25885,58.35171616968256
Sulu,Panglima Estino,28817,33.107626669340014
Sulu,Pangutaran,30613,207.66456252160384
Sulu,Parang,62172,68.04356921656924
Sulu,Pata,22163,56.22859682219977
Sulu,Patikul,62287,125.59625239204975
Sulu,Siasi,67705,95.59058275631996
Sulu,Talipao,80255,181.68976476506182
Sulu,Tapul,18197,57.43678894051516
Sulu,Tongkil,24161,137.8777471251585
Surigao del Norte,Alegria,16011,79.43607787369207
Surigao del Norte,Bacuag,14486,64.00383987919501
Surigao del Norte,Burgos,4034,12.628826176879361
Surigao del Norte,Claver,32773,339.1097116322253
Surigao del Norte,Dapa,23787,133.3886372583316
Surigao del Norte,Del Carmen,18392,127.26804288027066
Surigao del Norte,General Luna,16771,41.15647792060794
Surigao del Norte,Gigaquit,20864,119.62682830583331
Surigao del Norte,Mainit,26741,114.62790569185096
Surigao del Norte,Malimono,18054,108.20646077602636
Surigao del Norte,Pilar,9752,62.12765214136146
Surigao del Norte,Placer,27094,89.23730016853972
Surigao del Norte,San Benito,5404,58.99392828708145
Surigao del Norte,San Francisco,14552,45.83130688068594
Surigao del Norte,San Isidro,7325,62.21429937365824
Surigao del Norte,Santa Monica,8808,20.17791253651714
Surigao del Norte,Sison,13155,69.11816457433535
Surigao del Norte,Socorro,22314,129.47225004656622
Surigao del Norte,Surigao City,154137,241.86485217010326
Surigao del Norte,Tagana-An,16428,82.39634597635383
Surigao del Norte,Tubod,14206,37.72181907343135
Surigao del Sur,Barobo,49730,195.18463142186994
Surigao del Sur,Bayabas,8164,48.56667932747751
Surigao del Sur,Bislig City,94535,271.4773123534539
Surigao del Sur,Cagwait,20384,201.26817924608775
Surigao del Sur,Cantilan,31492,183.81265503705907
Surigao del Sur,Carmen,10347,173.27150511887945
Surigao del Sur,Carrascal,22479,319.0347861404967
Surigao del Sur,Cortes,15912,82.94364064018772
Surigao del Sur,Hinatuan,39842,239.7273061684398
Surigao del Sur,Lanuza,12001,232.90970811855857
Surigao del Sur,Lianga,29493,142.30499941702905
Surigao del Sur,Lingig,31485,228.40982329977075
Surigao del Sur,Madrid,15223,117.44132964268978
Surigao del Sur,Marihatag,18518,273.9712189558044
Surigao del Sur,San Agustin,22779,233.30733434201892
Surigao del Sur,San Miguel,39340,412.2775481409802
Surigao del Sur,Tagbina,38833,295.98843319894496
Surigao del Sur,Tago,35329,295.1592708097188
Surigao del Sur,Tandag City,56364,394.5862614925361
Tarlac,Anao,11528,27.025096007436975
Tarlac,Bamban,69466,184.71938123952657
Tarlac,Camiling,83248,130.63951737991573
Tarlac,Capas,140202,467.33657105525
Tarlac,Concepcion,154188,234.37354250134496
Tarlac,Gerona,87531,128.0966277991923
Tarlac,La Paz,64017,122.16972446961506
Tarlac,Mayantoc,32232,243.78994084962386
Tarlac,Moncada,57787,90.46564384570951
Tarlac,Paniqui,92606,108.59070645519493
Tarlac,Pura,23712,28.501006858870348
Tarlac,Ramos,21350,22.219451226176936
Tarlac,San Clemente,12657,69.66359459734615
Tarlac,San Jose,36253,626.2453543379838
Tarlac,San Manuel,25504,37.3087625525882
Tarlac,Santa Ignacia,47538,145.17110671498824
Tarlac,Tarlac City,342493,241.46080038712728
Tarlac,Victoria,63715,107.28584430968253
Tawi-Tawi,Bongao,100527,141.20815761176812
Tawi-Tawi,Languyan,33494,206.14537920418715
Tawi-Tawi,Mapun,26597,74.23612246879834
Tawi-Tawi,Panglima Sugala,44184,252.1617389423144
Tawi-Tawi,Sapa-Sapa,30917,50.94831084936911
Tawi-Tawi,Sibutu,30387,107.8536956616352
Tawi-Tawi,Simunul,31223,58.48156695236135
Tawi-Tawi,Sitangkai,33334,28.6808133247067
Tawi-Tawi,South Ubian,25935,33.722836762373895
Tawi-Tawi,Tandubas,29390,199.82306345442427
Tawi-Tawi,Turtle Islands,4727,27.31802624886317
Zambales,Botolan,57707,648.809098954332
Zambales,Cabangan,25163,230.94548073677643
Zambales,Candelaria,27174,485.8354958755433
Zambales,Castillejos,64841,72.00291551162312
Zambales,Iba,50506,218.75288372754025
Zambales,Masinloc,47719,255.1878592979864
Zambales,Olongapo City,233040,178.04123395545562
Zambales,Palauig,34947,242.5481964463462
Zambales,San Antonio,34661,179.4471736592138
Zambales,San Felipe,23183,96.09305788976397
Zambales,San Marcelino,33665,337.1475078693083
Zambales,San Narciso,28360,83.11597598588102
Zambales,Santa Cruz,58151,375.4699907766295
Zambales,Subic,104771,253.27271359769315
Zamboanga del Norte,Bacungan,26221,373.563591085372
Zamboanga del Norte,Baliguian,22588,463.0849357858658
Zamboanga del Norte,Dapitan City,82418,223.49420618953354
Zamboanga del Norte,Dipolog City,130759,184.85496493751646
Zamboanga del Norte,Godod,17424,244.98590209857468
Zamboanga del Norte,Gutalac,34654,450.3978168363134
Zamboanga del Norte,Jose Dalman,27388,183.12284789326358
Zamboanga del Norte,Kalawit,23633,329.9531918648853
Zamboanga del Norte,Katipunan,45577,190.04890076038262
Zamboanga del Norte,Labason,41357,179.38437691077593
Zamboanga del Norte,La Libertad,8406,66.40829546626598
Zamboanga del Norte,Liloy,39812,124.13007648976316
Zamboanga del Norte,Manukan,36526,222.9497589917418
Zamboanga del Norte,Mutia,12675,83.42761138722526
Zamboanga del Norte,Pinan,20161,136.2030365834102
Zamboanga del Norte,Polanco,39347,86.6964751861337
Zamboanga del Norte,Pres. Manuel A. Roxas,39323,163.9574721648312
Zamboanga del Norte,Rizal,14021,62.1278404220519
Zamboanga del Norte,Salug,32204,157.49381968274292
Zamboanga del Norte,Sergio Osmena Sr.,30220,462.32383929323373
Zamboanga del Norte,Siayan,34966,462.413626283383
Zamboanga del Norte,Sibuco,34620,600.5929715221506
Zamboanga del Norte,Sibutad,17645,75.87380249438418
Zamboanga del Norte,Sindangan,99435,296.20200540775693
Zamboanga del Norte,Siocon,46907,249.18094589245612
Zamboanga del Norte,Sirawai,28799,222.2444529112911
Zamboanga del Norte,Tampilisan,24307,103.20543046715964
Zamboanga del Sur,Aurora,50755,162.65176891027374
Zamboanga del Sur,Bayog,33591,313.82768050993445
Zamboanga del Sur,Dimataling,30081,106.31868970514408
Zamboanga del Sur,Dinas,35504,168.8216801393471
Zamboanga del Sur,Dumalinao,32013,108.90335398805074
Zamboanga del Sur,Dumingag,47485,319.59161036969095
Zamboanga del Sur,Guipos,20729,97.18685341172052
Zamboanga del Sur,Josefina,11799,29.05126212074475
Zamboanga del Sur,Kumalarang,28469,143.81337880938264
Zamboanga del Sur,Labangan,41790,176.86733613605963
Zamboanga del Sur,Lakewood,20374,177.68929528550296
Zamboanga del Sur,Lapuyan,27264,153.6140906815547
Zamboanga del Sur,Mahayag,46516,176.40504107239238
Zamboanga del Sur,Margosatubig,37873,86.73174840606869
Zamboanga del Sur,Midsalip,32075,285.75848744528645
Zamboanga del Sur,Molave,52006,61.391534589614096
Zamboanga del Sur,Pagadian City,199060,279.988508726506
Zamboanga del Sur,Pitogo,27057,76.73593682280655
Zamboanga del Sur,Ramon Magsaysay,26606,93.07062691333421
Zamboanga del Sur,San Miguel,19205,93.59238762108698
Zamboanga del Sur,San Pablo,26106,104.34887677661565
Zamboanga del Sur,Sominot,18537,97.98588841693059
Zamboanga del Sur,Tabina,25061,69.20019602038315
Zamboanga del Sur,Tambulig,36160,143.305860524693
Zamboanga del Sur,Tigbao,20979,121.26104953084561
Zamboanga del Sur,Tukuran,39820,119.3162066966735
Zamboanga del Sur,Vincenzo A. Sagun,23759,64.0225926387207
Zamboanga del Sur,Zamboanga City,861799,1462.347799615324
Zamboanga Sibugay,Alicia,36013,154.92184829777673
Zamboanga Sibugay,Buug,36634,135.15769094336318
Zamboanga Sibugay,Diplahan,32428,156.91433155513232
Zamboanga Sibugay,Imelda,28018,64.60226036107478
Zamboanga Sibugay,Ipil,74656,131.08737322637975
Zamboanga Sibugay,Kabasalan,44336,317.8192236852888
Zamboanga Sibugay,Mabuhay,36870,77.64954144215947
Zamboanga Sibugay,Malangas,33380,120.56888683766425
Zamboanga Sibugay,Naga,38547,164.4361825269225
Zamboanga Sibugay,Olutanga,33671,68.83845316904552
Zamboanga Sibugay,Payao,31686,195.52369600023474
Zamboanga Sibugay,Roseller Lim,43646,272.72439167260677
Zamboanga Sibugay,Siay,41572,186.79872155882245
Zamboanga Sibugay,Talusan,29969,50.70284429371252
Zamboanga Sibugay,Titay,49673,176.75039504736182
Zamboanga Sibugay,Tungawan,42030,442.36076030805003
